CustomerID,FirstName,LastName,PersonalNumber,Email,Password,MoveInDate,MoveOutDate,LastRentPaid,Points
fad9a298-d3dc-408f-9368-2f80e0f53417,Bendix,Banbury,19980919-3009,bbanbury0@sbwire.com,7bcc263e54f19c6786e1823f574e708bed86928074520f2c16fa582a874d778e,02/28/2021,NONE,07/20/2022,1926
0324e06e-0065-4401-a917-23398e707552,Benjie,Zannelli,19940817-9994,bzannelli1@state.tx.us,10e884155ff2472eb35b580cb3479a2ff6c151d6f212f0bf725ea8984e49dcc6,06/20/2021,NONE,06/11/2022,333
2c749bae-a721-4926-bfe8-ed153ecd29af,Adriaens,Utridge,19980611-6912,autridge2@4shared.com,c7b8fc18a7e09084d34e5a7a4a0825038797429d853b8dae8f194538165879c1,07/20/2021,10/01/2022,06/09/2022,1607
61d44755-db80-4867-89a9-a6aa468cd554,Anna-diana,Tschierse,19990513-3395,atschierse3@noaa.gov,6271b93659cef18f418acb9e49dd4b5909240dcb9c476d78aebbc033cff1d7d7,03/27/2021,NONE,09/28/2022,1672
8fafcab9-57f0-48ae-962c-ec7351ef31ad,Tammie,Duding,19900310-6016,tduding4@soundcloud.com,d74a7fb149c77c64c4f15c8085d0e867cbb0a621e95c11ca62de7d80e1482f0e,11/22/2021,NONE,03/23/2022,131
e5df5133-39e6-4b22-9c4c-dc76aed0a532,Hanny,Greveson,19920714-5050,hgreveson5@cbsnews.com,a38904bf6a0514340fa8d3cbe769b185a39d1a523a455b53432990c2b18fc1e1,07/27/2021,12/17/2022,06/20/2022,427
7c6e2e92-6fad-4d41-83fe-8b1509594d33,Sloan,Trueman,19910517-6162,strueman6@cdc.gov,6db94bc8c4b3b15443232f08f0757527de3a5a1754cdfb4ea4a2a9d1eda70222,08/05/2021,NONE,12/25/2022,1885
cae98137-8d9c-42a3-839d-ec67947fe9c6,Arthur,Trustrie,19930512-1656,atrustrie7@reverbnation.com,f1003602b6d44acb7514e53fe77aaed6b1cbe29f481639add6604fbfbf019719,NONE,NONE,NONE,910
b1379e65-ad25-4f27-a2cd-0f4705857e9f,Aubrey,Lidgard,19900813-7069,alidgard8@printfriendly.com,3e522915aacb09f39c05a7bbf3d27169397e948a4a0a22daa08483664eb5ac7c,08/17/2021,NONE,04/29/2022,283
f670acda-fc2b-4256-a81e-fa9344fe6c12,Caron,Barnwille,19960619-9419,cbarnwille9@indiegogo.com,b693f06523bcb9de533cc34b2c3d2bd545d2f6783997370afa6d473863c99d0d,04/01/2021,07/18/2022,06/17/2022,9
fd5aa891-efef-4d8f-8ad1-48331e574010,Lindsey,Boumphrey,19950110-9605,lboumphreya@omniture.com,4532809c36516ca57a9541f2ba79f59c108fabfd538978bdb65739a216d46d6e,NONE,NONE,NONE,1203
06de7994-f3fb-4762-a957-478c4f132dca,Izabel,Bremond,19930213-3177,ibremondb@archive.org,c544b8e076b570388b53c64cfa038d5b5d1e1f0c597c364a8c0232b43993e212,06/21/2021,NONE,01/14/2022,1433
d0f649d4-853a-425f-b4f7-3405b3b3d4ad,Danie,Terney,19900216-2424,dterneyc@nhs.uk,434c0b84aeb1b30abd557bc9f0f9d3880431578b488147876ecf75ef663e312c,09/17/2021,NONE,11/10/2022,1011
a63a361c-9dc7-4f2f-9939-d13fca2c1290,Reg,Barday,19910616-2863,rbardayd@devhub.com,e615ab8a43dc8a69fcc1e494cfbb022001ff18c395ce11153480552c1252a139,12/08/2021,NONE,11/15/2022,1539
5830e7ee-fe4d-4a1e-8bce-398a128df3f3,Fletch,Faivre,19920918-2315,ffaivree@tiny.cc,decff98822083d16b7fef13a474e2ac3219795e743d5656a33c4c923726b77ae,04/18/2021,06/15/2022,10/05/2022,942
d3f7a8b5-8755-42bf-af2e-b34c955de1b7,Vern,Szymanzyk,19940613-1197,vszymanzykf@ezinearticles.com,3e912590974be9c17d871f8b0b7ed90c5da7d0e6ad11d8d1aeab33c2bff218c7,06/13/2021,04/20/2022,02/10/2022,194
74dd8084-39b5-4ef4-b0e4-5e31a92fe507,Kippy,Dradey,19950112-7734,kdradeyg@army.mil,5720afa91fa75d30e504929bc1b182af6ce5e6f90d36648991041dd06b3cac03,06/22/2021,NONE,08/26/2022,414
6573a1cf-0b7e-46c1-a04b-df6a77695072,Eduino,Petriello,19930318-4654,epetrielloh@harvard.edu,3179a2fa9c11e68e18e26e2f803d7a0bdd9e7858eca5b4c2b068cdd887ee130b,09/23/2021,NONE,12/10/2022,259
910eb308-d279-478b-84ca-a5c226cd8969,Lenora,Vaudin,19910216-0880,lvaudini@nationalgeographic.com,e056c239c032fb66c596e515ea29763ecd00dd0c06f0ad808c628f1f76b84b58,06/26/2021,NONE,01/14/2022,673
368746d7-26ea-497c-83ca-0e361b3f5379,Tally,Eynaud,19960615-5254,teynaudj@apple.com,1e56251dad1cb5489b1cc1498f7126a15a41b514beed880753c8f6f7121f3cdf,01/18/2021,NONE,02/06/2022,503
372da74a-c9fc-4435-a718-1b8dcb2f924c,Rossie,Kovelmann,19940519-5228,rkovelmannk@bigcartel.com,bac26020261d4b58399006a2379bc706f08e1e1a12a9917c3e9ecd93cf32ca46,07/28/2021,12/25/2022,09/03/2022,291
67070112-1662-4618-943c-a7b6e6fc6672,Onfre,Benjefield,19960210-5838,obenjefieldl@webmd.com,b0e65a789be72fb533e47ef0697eb336c4c99d6158a850e558e67aec8e2ad4ca,NONE,NONE,NONE,1438
b96b33b1-c265-476a-a5e7-9bfc7c0ba803,Mayor,Uren,19990614-6389,murenm@google.com.hk,179c2f0158acfcdc444aa2d0b726b6cb6520f4a1b859ec5ec0aebec3e1095654,01/21/2021,03/01/2022,12/19/2022,940
89aa05a1-def5-4637-b444-c743aa363a08,Elnar,Bissatt,19990415-6742,ebissattn@chronoengine.com,7bd1002436dab23b1e2b460fa4b263ff5f4e547f6763e5a727826d4e71cbcbfd,NONE,NONE,NONE,372
54db03ce-c025-466c-8f27-ad95c868b703,Suzie,Couves,19930219-9377,scouveso@cargocollective.com,5d5a1ccf36ec6c08a013d333f9519a93597c7afaca29d261320a6bdff19f213b,09/30/2021,NONE,06/16/2022,1501
f14f4f9f-30c1-411d-bc7e-f644238819f6,Bobbie,Danev,19900418-5316,bdanevp@harvard.edu,a285bb09474c41c8ed8372266fe99509287022d858e969de23ab629e38891a2a,12/27/2021,NONE,11/21/2022,1253
ccfbe003-ee07-4632-b0d9-3fd54b3bc82d,Marge,Chalder,19960016-5977,mchalderq@yellowpages.com,f1ca832c407a766ce730e1ce5a59ac3c5d31c8741430459ee4819b9695b354e7,07/03/2021,NONE,08/19/2022,1128
29be4f0c-a449-44c5-a6e5-8f4177b05cbf,Khalil,Stockings,19910013-0074,kstockingsr@ocn.ne.jp,f6c5c1db78f40c7642beb87c1f08cc93d8806d6237917bf2959c2ee18b3669f2,NONE,NONE,NONE,514
b1f0cb4b-7975-4073-a014-34e25e56f216,Nils,Akitt,19900016-4397,nakitts@omniture.com,ecc7bca7820d7dd7aa1d686e15b9710934310ba5739094d64bd2e86fa03593e0,NONE,NONE,NONE,752
c4a85861-f945-484d-8a8c-20d526f7194b,Tamiko,Flippen,19900713-0669,tflippent@kickstarter.com,aff0cd7bc4060e0a2454c83d2172d18c888c83bd01b767213b14cadb663102b6,NONE,NONE,NONE,1090
744039bb-dec5-4141-95b4-01f64afaddb1,Mischa,Grabert,19910914-6757,mgrabertu@e-recht24.de,7ca41600fe86bec0761f12fddf00f32da24477035296c29ce25f4264ab3d195e,01/24/2021,NONE,08/17/2022,717
594ddde5-4ae2-4a38-ac3c-d9459c8478e9,Laurent,Braisher,19910010-8847,lbraisherv@ning.com,83a27f734856f775b549f6f5dd2333077c11c99dc95ae2f5ac09880928ba23bf,11/14/2021,09/16/2022,01/13/2022,704
c768de6e-3585-4774-8eb3-9b6bfb9e8f5c,Curt,Kitter,19900112-7939,ckitterw@cbsnews.com,5febddac2cd9cd7a742f29eae1d06d0e74ceb15a2218d8224906d2e06b047317,09/08/2021,NONE,12/30/2022,267
352e74c6-1932-4b40-9e18-c3779f01b4e3,Alejandro,Eck,19900414-1049,aeckx@nih.gov,974f6ef5d9f18394f76d5bf42e993117db3bf730830c849ff4691350bfbb4275,NONE,NONE,NONE,1217
a77bc04f-aafb-43df-9b2c-9c1a69499a0a,Barnabas,Widocks,19940717-6949,bwidocksy@imdb.com,365aa8db4c22f65ed4cc596127fe81e22b39cfd8068be86eb9ca54a4e89fd78b,10/11/2021,NONE,03/26/2022,172
7c6090c5-bda2-45d1-bf49-d0755f6e8992,Corri,Nower,19940915-2789,cnowerz@nyu.edu,eb7d40b8ed6be0cded0663cd24e30a12ef76e8569dd21da0d9b8fa85d427bca8,NONE,NONE,NONE,1934
22f93de4-c603-45ec-b270-e7540f20dd4d,Sarine,Bartles,19940219-7569,sbartles10@netvibes.com,b9defd414a71ef16cd3fd4034a455018a9728ae38d0566799436fd25dee4deb8,NONE,NONE,NONE,1084
7ab520f9-bee6-4c35-baaf-3ee7a9405333,Kev,Simak,19960716-8310,ksimak11@delicious.com,28917c46cf5a3aa48a29a0f0ae33982615d439f2ffd6fe13db48e7966b546d2e,07/28/2021,NONE,01/13/2022,32
e0e823f7-ebee-4ded-a5b2-2e7304627871,Anabella,Asling,19980415-4898,aasling12@yellowpages.com,3d76bedf561fdb6176181be8a73bcb230450b498cf1cfeb0c6ac8988f456eed0,12/09/2021,NONE,05/13/2022,175
db3f4142-3245-4590-ad13-de1af79c3ec8,Noach,Antoniat,19970415-9785,nantoniat13@patch.com,5a664787e750696fa766b95923ba335e6571e38a37c56c1a945dc3e4e5ffa367,05/01/2021,NONE,02/19/2022,434
59d0c826-5a0c-468e-b0b2-2d678f85da86,Sky,Collett,19940212-3444,scollett14@usda.gov,11b1b824a320c06cd8b6221e4bbb689dc793fa5c2749d12103bad8f4727070bb,09/28/2021,04/23/2022,04/11/2022,1434
76d5f6ae-e7af-4fc5-bf30-d8f1bbb85933,Ashbey,Kemston,19940215-8673,akemston15@simplemachines.org,dffe2dc4e9da7f8bb14fc3053ced4132a7177830d4518aad6583204d5d9e9c11,07/01/2021,NONE,09/16/2022,498
d3a72483-fe8b-4e5c-9f1b-8323d00d9454,Court,Mellem,19930914-0793,cmellem16@businesswire.com,cfb34226fce3966b354e25373b6d1e7e81a32dbff93bd81e9250c722dfa4bc4a,NONE,NONE,NONE,1826
07daedf6-c378-4bf8-b724-41421b232ad0,Ann,Colcutt,19930910-6268,acolcutt17@ft.com,69d0c436f61791dd3769faecd9dfbe66986846a45feaf0d3044aed050767e150,08/24/2021,NONE,12/22/2022,919
e772d44c-3697-4039-a0b9-51354a47c5ac,Arielle,Mateev,19980917-7025,amateev18@123-reg.co.uk,0c1e67566ed71e27b05e09bd67c272064d6ac957434481116e47bb9fc0be932c,06/08/2021,NONE,09/13/2022,722
0aee14b1-546b-452b-8388-e7399dfe5281,Babb,Colten,19960210-4312,bcolten19@google.cn,866710dfeb60c657bffeaa6e6cbfc0a4d129b747321d6862287d18a680e993f3,09/08/2021,NONE,06/28/2022,936
e0f1bd2f-fee7-4078-94ff-75158f27f6f9,Simona,Collihole,19990913-6232,scollihole1a@wix.com,091e3c98f8feba5c015ecd74489609d321d4ec69cd34d42e263d8b1be7e41bde,02/12/2021,NONE,08/07/2022,739
32413b87-a982-4740-ab08-6fc60a29f02d,Rogerio,Hampshaw,19930014-3570,rhampshaw1b@soundcloud.com,32de025eb4c98257d75d3e2fc9030bbbf140aac32c63be960d80e79fdc19e89c,05/18/2021,07/02/2022,12/25/2022,146
40b3ffa5-8467-4a13-94d9-d4ebf8f8959c,Meyer,Eggle,19990011-3017,meggle1c@liveinternet.ru,0caf89cdeb692c0b662428a1e077ff072ba45ddea14d4ab61c4bcabe646f58f4,12/01/2021,NONE,11/18/2022,310
3ab1d758-bcec-4725-a0fe-d62d1b1d2c66,Tawnya,Greenstead,19980119-0022,tgreenstead1d@sun.com,1b9329a2b114489c099f740b438abb08f21f4ed628417f403bb0e3c092839887,NONE,NONE,NONE,1144
dc8a4dae-a840-4d3f-82e1-4267ce908dcf,Phillis,Nuss,19980411-4868,pnuss1e@ebay.co.uk,9e831bedbf12273565d5dadec19bbb8920ccaac1ac152b83ac5d55ade710403a,08/31/2021,NONE,06/19/2022,741
c68910df-2f39-4664-85b2-d33b6d89637d,Ricard,Wimp,19920112-4762,rwimp1f@gov.uk,02e0371c2377f1f75faa177fbd6083079855903e518b9fd8a2aa29899d167e95,11/17/2021,01/29/2022,09/26/2022,1299
61ac0c7f-12bf-455f-82d4-06b5a780ffbc,Haily,Fury,19920219-5346,hfury1g@webeden.co.uk,2a44b9727ca6fd352ad486db2dea143085c576790eadffa959a7591d46333199,05/05/2021,08/15/2022,03/05/2022,905
121f1a75-2b66-437c-94ac-737a3a710047,Sheff,Ruckert,19900912-5314,sruckert1h@webmd.com,fb3f3576ec4b7cf8c9570d242f2222f1327c0caef5e4c72f088899d8b606fa75,12/01/2021,NONE,05/03/2022,1035
1045529e-fc57-4b50-9d78-3b9fb63e714f,Roseanna,Andreacci,19960417-2398,randreacci1i@mtv.com,9250e0d7667fb1c31f7ed7bc6aca07142a4846f1fff90e271bcfaee0e13ff1b3,01/08/2021,NONE,03/15/2022,1304
ac365128-be39-4f75-8535-45608a407222,Cally,Posen,19960515-3755,cposen1j@oakley.com,889a8ce0a0565a4e49cca4fe90b88efa9cedc7b3609015d6cfc15f11e0ca514a,09/07/2021,NONE,10/19/2022,1716
538ba483-e7fb-4748-93e2-3dbc49b7c086,Alwin,Cushion,19950216-0202,acushion1k@samsung.com,3ca077f9ec1b9225d13e6373e81fa66233ce8da9a7750c31dbba308ca96e9b80,03/21/2021,04/26/2022,12/02/2022,1310
90f89943-364d-4410-b65c-f1a2e949ca64,Orelia,Looby,19930218-2654,olooby1l@unesco.org,577fe14d184913125e7ead908020663453082a0a6204a5c90f17f7e16cb16f2b,NONE,NONE,NONE,87
df18ac8c-ceab-4fa2-bc31-b0d17f48ef62,Maitilde,Lampet,19920010-4141,mlampet1m@list-manage.com,001717dc64405c9075bdf302c4dc2b1cc02dc05ed63a6fda031132067517fa4b,04/19/2021,NONE,02/16/2022,738
95956baa-0d37-4221-9074-aa4da6ead0f8,Allina,Gommes,19940119-2502,agommes1n@archive.org,0c423e96e67e1e4afa7bb51a548be1576e273d8961a26c211454f92e4fed38d3,10/22/2021,02/10/2022,12/03/2022,1109
490947ef-8d2b-4083-bd74-a06138fada5e,Rochelle,Shipston,19930315-6413,rshipston1o@mapy.cz,ea13a156b0c1e17eec2b070ee3c51577c7386c8a6332a67a5b84a5546210c6cf,NONE,NONE,NONE,723
5519901d-ebbd-4a63-a91d-4312eae9be78,Berne,Pie,19900718-7864,bpie1p@nps.gov,1a8c3fc363328b9f0f6334fc799f59347ed75d829b44cfb085ee0538b44129f9,10/25/2021,01/24/2022,10/06/2022,1318
a049f32c-2483-4472-a9f4-0f1bb21d5586,Horst,Cameli,19940316-0361,hcameli1q@eventbrite.com,045fe2cac96f158e1cd8f4e6a367888c0a572caf93e92edef63cc0eae1739b5f,11/14/2021,NONE,06/15/2022,1232
f9fa337a-daa3-417c-85aa-93ec47d50863,Debora,Franz,19910317-4685,dfranz1r@merriam-webster.com,377e0e54177b2d44ab1a2f330cda817d81a5c89f240e5071a9db789313a90bf4,NONE,NONE,NONE,6
bb387993-bf02-4311-bba7-5ecad2c49f87,Fitzgerald,Borthwick,19950813-0246,fborthwick1s@cam.ac.uk,3344da5edd58cea0f432f01f237ff765439cbdd9bc6ade21cd477429ad4c3273,NONE,NONE,NONE,873
76ae6dda-cb2e-4a16-8093-55298eca931f,Abagael,Heeps,19900912-9979,aheeps1t@hatena.ne.jp,e6c7c554bafd114b486207e7da43243a111615b7f01d247d37f9a0c612204559,07/18/2021,NONE,04/10/2022,1206
8e36d18f-ed69-4366-bb51-5d9a55e81b86,Allsun,Seabourne,19920419-5608,aseabourne1u@whitehouse.gov,79e2410083382ead51298363f028da2af8d0117b3ec6c120cc261d900696f0ff,01/26/2021,01/29/2022,05/11/2022,618
f5f58b32-73fc-48e8-8460-0de761e568a9,Curry,Cleaton,19950114-8850,ccleaton1v@edublogs.org,9725255e3044f309fc94724f0c815af9e1752f2981d0dd1580159b3541c3fd8b,03/24/2021,NONE,04/12/2022,1297
96c06cf6-dc44-4375-b448-7cdddc538adb,Sullivan,Calcraft,19900319-8145,scalcraft1w@google.es,09e11fd0bdf28756baff8a234f04d6823fdf057308aba2ad8fb9443d2fbd4f86,NONE,NONE,NONE,1598
0f09f7db-61dd-44ed-b06d-fb92283ef161,Silvio,Comberbeach,19910710-0789,scomberbeach1x@webs.com,93247ab916134e450ece7793b2ed5025874d843aae72b969b3d57661fc4bc7f3,03/23/2021,NONE,04/20/2022,1983
3fcfee18-6c08-4982-a17c-2fa617e102f9,Ricki,Low,19990119-0968,rlow1y@vkontakte.ru,6d0a08f70aa42b6e4ade944c4364138345a8dd7959d06a6f62b23d1b366fc19b,02/03/2021,NONE,09/29/2022,426
b8795d72-d05b-4b4d-b89f-dd9c62a53bb3,Denney,Philip,19930018-7966,dphilip1z@newyorker.com,f8257c0a0d9a8ee401aeec22bf97858343e4fada5af720ea6607f8ac8624849e,12/22/2021,01/16/2022,05/24/2022,1599
736e5968-9de6-4f44-8be6-324f8595ebd3,Pegeen,Wornum,19920210-9048,pwornum20@cmu.edu,cf159a58bbb7b1011e7a59c2a92ade36ad68758c860adc33162f1c531b83cb2c,10/03/2021,NONE,09/15/2022,363
f8c2306b-436e-4cf0-b9c1-b448c5166b80,Shirleen,Blench,19960314-5646,sblench21@illinois.edu,7e0a2042bdbe3bac979b867d47042eb9d928b17680d58fd89e03b712b56976ec,09/21/2021,10/17/2022,08/09/2022,1172
9b4f4136-a068-49b3-89bb-7fe34365ae6f,Keenan,Tonry,19990317-4453,ktonry22@twitpic.com,c730732269ebc58fc2a59fb21f84203a87393f2951d93dca02c4fb3127f78fd5,02/28/2021,NONE,04/24/2022,1683
d7ebac3a-0b30-4fcf-8f5e-81821aa67f0a,Aldric,Abramin,19920811-6726,aabramin23@seattletimes.com,06f8013efd89e22839a9fdd082e116c3a8cb6d53faa0005d547da9e50792d3c1,06/04/2021,NONE,09/08/2022,120
76e67d69-9b0a-4910-aee2-fdcbe629b436,Cati,Kemmish,19950416-3809,ckemmish24@wikipedia.org,f11e0740b208df5ccd75140c7b83acd673ddb303fed51e144a4a86b2b3c1393c,08/01/2021,NONE,12/07/2022,696
6086e5bd-2f92-42c9-adb9-0f81d4ff62bd,Waneta,Olyfat,19980712-8413,wolyfat25@ifeng.com,4335ac1447544f33aa7d76c82fdba2bb5ed714e0f952951a78ff443c09c69821,NONE,NONE,NONE,686
7976535c-3e4f-4d40-99cc-19b9c6acd4bc,Alisa,Southerill,19950819-1030,asoutherill26@wordpress.org,45c65b6d560f0dbf2740da364ebd72f87bb51d7b41309add7b8d65b2b24a9b84,NONE,NONE,NONE,190
22937cb9-4a5f-4fef-a19c-5d3f2af1451e,Sandi,Steedman,19960718-5599,ssteedman27@taobao.com,bc4d97f8229117c4925c5596b2fbe6e6dbf2318c97f8e832481f1b53bf5747b9,NONE,NONE,NONE,111
e25e8806-fd30-4280-bc15-7a74cf7c0990,Nedda,Hallut,19970216-6303,nhallut28@odnoklassniki.ru,d57cb6ed6dad3bb0c3357c79923d64481a686ce031d219bea225440dc6213e70,11/27/2021,05/22/2022,12/02/2022,1798
555d6182-6edd-4d0f-bce5-35c6390064ca,Lonnie,Millier,19910017-3622,lmillier29@domainmarket.com,bd9f83fabe2df2b309335647cd058844c9a4a4b1c8037db0bad341fe80810392,08/21/2021,NONE,04/01/2022,275
7279d09a-0b8c-4356-9fc6-cebd84b7046b,Kathy,Harniman,19930819-5469,kharniman2a@bandcamp.com,ff26fbcfcd6a4ad8d35b9ec2fe3e2c313d3b5b9b99538b8ccfd11fca88110ffd,11/13/2021,NONE,09/04/2022,1191
d6bee675-4fe6-4967-b85b-f142844e2ba4,Nataniel,Hooke,19910715-8853,nhooke2b@mail.ru,c37c0361eea47320b6cd8d1281c9cfab78773bb3deab236041a19363f893b979,05/10/2021,NONE,08/26/2022,824
581f6ba4-28f6-4ab2-99f9-abfa82c0ee2b,Cristie,Teliga,19990111-5605,cteliga2c@geocities.com,ebea7371283843d7941d89ab8ba464387e15f293e4abf6a8ff3a420eec7840c9,02/04/2021,01/15/2022,06/24/2022,1684
64c38b30-5dd7-4c63-a13e-c1207bca4133,Laurella,Culpan,19940114-3435,lculpan2d@e-recht24.de,7c1cbf6f0ed2ff8c780684b6cc784cfd015a31a40fb367618fdba540018730f4,06/27/2021,11/12/2022,04/09/2022,1793
80a93d67-5976-47ab-bf29-e0fc46f37271,Chancey,Render,19900818-0458,crender2e@addthis.com,e700f73214489f0ceefc5b5724d5f20cb678c3e099e979912244cbff4e535504,NONE,NONE,NONE,1148
d85fab25-98be-4e9c-9339-e0a3d9158850,Gerik,Lindfors,19950617-0373,glindfors2f@paginegialle.it,5c16e204814c284f894e9626e1021fa43fe958ac37cff9b1c20300133a9844ec,08/25/2021,NONE,01/14/2022,1822
67a98d86-4178-41eb-8088-d0e2965fb678,Chariot,Genge,19970017-8409,cgenge2g@scientificamerican.com,36dc19adbb2483b8a3f53cee4b09a54361760432a80ba4665bbcbacc6a4f10cb,09/03/2021,07/24/2022,04/23/2022,973
35e41d02-2b1d-4a05-acb2-7f61981736ca,Orion,McCafferky,19930116-9765,omccafferky2h@cmu.edu,f95d38e7c332bf9ff9079ebef6e315037dc1129e82bd909bedbaaa05dfb1e457,05/05/2021,02/10/2022,05/12/2022,491
0dfaa872-8fd6-4b25-9c6e-4cec1aae1bee,Tamara,Bodocs,19910411-1263,tbodocs2i@army.mil,63706c7b625ee0a50f44aaab88736540bf8a52c28a5846dc121e366d8b3f5ef5,06/10/2021,NONE,11/15/2022,242
bd974b64-63b0-4c1b-82e3-7d7c9b734d5b,Vassily,Lewinton,19940411-3644,vlewinton2j@sphinn.com,e0936abacfbac9e543638d34c2e8d92479d08d9ff7307284b494f17a378579ec,07/31/2021,NONE,10/03/2022,1979
62214fd7-2b28-4fdf-a533-493754f4a566,Iago,Brodie,19960719-6781,ibrodie2k@blinklist.com,ecb1258c10d8f7ee8d19b6025e4a5098a7dd9d0418e27284a5685b8f07e0956c,06/04/2021,06/14/2022,12/10/2022,1594
0d4811fb-bdaa-4c99-bd2a-401ece72ad55,Florentia,Remnant,19950815-8708,fremnant2l@ft.com,feea968d8bdc7b6455b06d9bd77fd0abcd230d0870bdc7893fa7ed7b634b458a,10/26/2021,NONE,05/26/2022,509
5268b883-13e1-409e-a1f4-df4f7bbe2e24,Hakeem,Glentz,19900317-4561,hglentz2m@nhs.uk,0a6b51ac84ce76a9eeed74fd2f557b3b1644891ff12c625af915e1cd6f2e205a,NONE,NONE,NONE,1365
39d6006c-b430-4937-818d-3cce88972a19,Ermentrude,Rousel,19930014-6150,erousel2n@youtu.be,0a6069dceba8c79cf57f630b3f5f2c08a6888f920f029a6d6f87fcaa0d0ea1b2,10/24/2021,08/14/2022,10/16/2022,1435
0f3dfd55-7b39-4d0f-bf76-a2fa90576622,Loralie,Vittori,19960616-3972,lvittori2o@virginia.edu,19adf8bd25a531d0875ce6d3f0d41e5b75faed08da0ff420dcbdc9e4da9fff24,12/23/2021,NONE,01/02/2022,159
36e1fa8f-569c-4089-a1e1-90a38ffdddd1,Arlen,Kivelhan,19920813-9973,akivelhan2p@yahoo.co.jp,5626920475435dbe2785c56b20abad02b7e16972aeef18b0e18bb740501f5d94,10/12/2021,NONE,08/01/2022,1981
51e503a3-5146-4195-a1ba-af567a31009f,Katherine,Hutcheon,19950014-9896,khutcheon2q@merriam-webster.com,7dd548d2a7b39fbb0c34f73337b484e627cdc047d98b684bbf4d006c1c22823d,07/14/2021,NONE,02/05/2022,730
41bb5240-9772-421c-a270-e4ee5f2ed123,Garland,Beton,19940119-2236,gbeton2r@jigsy.com,d77cd2e4de7440f5d9a8c71f0ed1872a5a8b4d33d11df1a6011c35c80843b21f,06/23/2021,NONE,07/22/2022,1169
a2a2c9ee-24c4-4c6a-a4e2-a780a8ccc7c3,Karina,Eversfield,19960916-1542,keversfield2s@ted.com,2033eb40b87debc1b7dd9e5c8822ed791f40a191c821979a7fc37b1b2c73eaf4,NONE,NONE,NONE,1875
0d9e7caa-cd4a-4d8e-b551-d70318456cd7,Ceil,Kubat,19970319-3809,ckubat2t@bing.com,b9ee2b3a01aa18e40678bef0b200293dc26462e75de817509447b56c8148ce0e,07/09/2021,07/08/2022,05/20/2022,415
e29f9cd2-30e3-4e8e-9035-4f47215773c5,Bonni,Sprionghall,19990910-1195,bsprionghall2u@usgs.gov,a2746d2bb4cf4582802a8ff19895dc3a05265711e3394268bbd48b3e355b2be9,NONE,NONE,NONE,590
fd5c82df-648e-455f-9c3d-670319fed816,Opal,Sherrock,19950212-0213,osherrock2v@tripadvisor.com,d86087b4c808414a170203fcf2b573210a3d4335eab3b08fedbd4852488aa627,06/06/2021,NONE,04/05/2022,573
1e7b0fee-435f-41c4-baa8-9879e162e78e,Fernandina,Iiannoni,19940114-9184,fiiannoni2w@google.it,156c19cdd6cce126e700145f954d90eafb5a76176c06cbec8424c10323f3ad07,02/28/2021,01/06/2022,10/02/2022,1908
95e8151f-7e5e-47a0-8c99-ccc9a4a861a5,Burnard,Runacres,19960310-1506,brunacres2x@tmall.com,30a91c189c0344c8b0f63cadf6b896ee9d3471cc8aa08609bad4a23d1e5c4080,08/28/2021,NONE,03/15/2022,893
3a20cd54-9e10-473b-8b7c-64668e0a3ad0,Jerald,Collinson,19980217-1748,jcollinson2y@google.ru,975e33377ee0885c31489addf22c278ae3669bc10df0e94d2ae2fa33291326b3,03/29/2021,NONE,08/24/2022,82
71934dab-4c76-4a81-bc13-ebe5010ef174,Patti,Atwill,19970617-7874,patwill2z@addthis.com,9bffb96f43ab102758bdf58e742fe5b035c8d5cab76bee3db564dec7e04502df,07/16/2021,05/02/2022,12/20/2022,685
9fbfa53e-c9b4-4e30-a496-6b50a1a07c35,Waylon,Pollastrone,19910818-8776,wpollastrone30@printfriendly.com,d212832e9eee61c6f047099bd7b1308dd0f2b0c950dc152be0683e853e7dc9f5,09/03/2021,NONE,02/28/2022,251
a7a829c8-1168-4429-8e5a-16b65ad5a1d0,Aloysia,Scapens,19970614-3480,ascapens31@zdnet.com,b8b71b95f14d8b603ce0259593b99a168eef683cb54e749214472cf9111d23f2,02/09/2021,NONE,12/09/2022,633
4077bdfb-e747-44d9-b2cb-54407e880ded,Jennee,Trevers,19900919-8107,jtrevers32@friendfeed.com,33a264ee76401800bff2c24b206a56ae28b028a7e846204ad36c37c3cfd634f4,NONE,NONE,NONE,570
5140dd6f-2283-4ff4-b7c4-f7b5ef9cb9c6,Cecile,Vieyra,19900417-0715,cvieyra33@businessweek.com,e1ce7e57a8a560bcb3d7898ea74ee3560efe5ab90307d103301af62617e3e835,02/07/2021,NONE,04/23/2022,313
4eafde49-97dc-47fd-bbd9-87bbd427d18b,Mathias,Gulliver,19960619-2479,mgulliver34@dagondesign.com,addf88b0011962d41e99fac4c4515778ed10e1e63f974f7a4c0d0030014b4c86,12/16/2021,NONE,11/15/2022,223
00aa65f8-b9ce-41c2-92be-06b2ee8f0854,Aguistin,South,19990816-1910,asouth35@reverbnation.com,0be3a5558f31a44256d5f9818fef35e3514432ebc29a7d1a2dadd0f54e312cf6,02/01/2021,03/01/2022,04/07/2022,1358
95813bf5-2ed6-4192-ae27-71c91be15662,Biron,Patchett,19950518-7302,bpatchett36@nyu.edu,2d4058ba210775592a7f03d9ecb22c520a6d7878835e3c9bd41d5f858b7b0b17,01/04/2021,05/26/2022,04/10/2022,92
72f3e10c-27c9-4bb9-a8fe-795e456d6215,Roxie,Granham,19960810-6463,rgranham37@wikia.com,d47b4bd8f5b50d6ef1f5bcbf497ecc7fd699e0d6789fb00f47178d4ba7bd9540,09/06/2021,07/17/2022,10/12/2022,1808
16560a6b-bb50-482f-a464-6ac74bd17cb1,Marin,Miliffe,19930312-8884,mmiliffe38@hostgator.com,11b14e11f6c5f7268482452d2f2521077f38ae46b81a9a8e976d3545d5d5338d,05/20/2021,07/17/2022,06/02/2022,417
f011fdf6-9f2c-4b5f-adb4-1e309d417b34,Burch,Rudge,19950210-2148,brudge39@example.com,7436575729c183985a94f56a18f438e7807042af900529b7005d732843258c5d,03/24/2021,NONE,10/04/2022,1867
0188dcde-3f24-495a-8c5a-4174dbeabbe9,Beret,Stango,19940815-5305,bstango3a@ameblo.jp,3351934390dd2e06052d1687bb07c2ae43d0cc681ea53eb343e67d0ef4d9eab3,NONE,NONE,NONE,629
d2f934f0-a8a4-4946-b67e-a9363df94783,Waneta,Champley,19900317-8068,wchampley3b@sogou.com,abd16e36f09b90fe2092ff37973022380af4024a7b7027172cfaa79c53e64a0e,NONE,NONE,NONE,833
32755340-6ff7-4a5d-a312-d01607368d53,Akim,Brimble,19990711-1345,abrimble3c@vkontakte.ru,12175e73440395c2a3f38a4683025156412b33cb455ea6d08e2c7d4db370d376,05/04/2021,NONE,03/18/2022,158
9217308a-092d-4966-9792-4a05d5b1310c,Pepillo,Boyer,19950414-1906,pboyer3d@cafepress.com,1f4134fdf1c1b991599410aab8e6045370211e7c385b8f97abdb6c6ea80ce5c1,11/02/2021,NONE,11/14/2022,118
659a8cf3-9c25-4ace-a1ba-45f9786a4dcb,Michelina,Mcwhinney,19990919-7178,mmcwhinney3e@miibeian.gov.cn,30a00185e021a5b91eb227f51223c8fafbfd871a93658d2c4e242b8336730271,01/11/2021,12/03/2022,02/03/2022,970
f8c3efbf-2fcd-4ef8-88c2-82a6818ff538,Adore,Hazleton,19930215-2294,ahazleton3f@cbc.ca,8d5b07e70eb0e41ba8ada63c8a1806310c9a5a049accf0ebdb477f56aa05be80,NONE,NONE,NONE,1289
99f43480-08a6-44f5-ba7c-21e3be7881a5,Mellie,Hayhow,19900811-4070,mhayhow3g@amazonaws.com,068d53a003d2bafe301085dd28863acb5bd478b782f3bd88060ed0adddc30433,12/05/2021,11/14/2022,03/29/2022,338
5052c6ae-e578-45a6-b5b4-cbf3a99bbf3f,Doyle,Rizzotto,19950012-6123,drizzotto3h@shinystat.com,215b2efc954624d2ce4c68fa7955dcb4106e6e062729d3855780b8a1348815c1,NONE,NONE,NONE,94
b7eb9a70-513d-43d9-8b6b-80acd70c41cb,Flin,Brandom,19940818-2134,fbrandom3i@nsw.gov.au,45c61dee5f21b9c67da5babc672a01e19db3c24c13b95a67e6c82a6c2ba51819,02/14/2021,NONE,04/03/2022,1337
4e0fff97-661a-427f-ae03-a3cd64b6df8c,Hill,Raybould,19950917-5658,hraybould3j@google.com.au,ea77689b81e7d3667f21a92472d17036cc68f9c5d7d48f577d9f557e0633d2d7,01/01/2021,NONE,05/03/2022,1345
03e8887e-1227-43af-a6b1-771f605e73fe,Asher,Partner,19920313-8008,apartner3k@walmart.com,6c38187b1a1e4137f65ab5e28fab8def75a7e7d3c215999b6b6d008a756a9cd8,06/29/2021,NONE,01/24/2022,1490
3dc1eac6-8a6a-483e-8aff-b0c8875f3405,Ellene,Shand,19940311-0181,eshand3l@mac.com,726409418af46f43ec554023ea87fd3225ec9d9e5028ab533a6880b36512e5b2,10/14/2021,08/22/2022,11/12/2022,1975
c5c94468-c11a-49d8-ab78-56a85db8cc14,Ursala,Rosi,19980113-7653,urosi3m@ovh.net,0f7dd0485c8b3bbab396cce150e9e0ab01da444c490afc16df0338d8c1814c8f,NONE,NONE,NONE,272
4c9a417b-a286-41a3-b116-af8c10566951,Mavra,McTurk,19910119-8645,mmcturk3n@imdb.com,72e35fe6df22e663742204cd56e89ed56d2c3ef481fbdaed93085fcb37ccd030,02/23/2021,07/07/2022,04/04/2022,1742
f69dba2e-cfef-4f23-b8f6-2d40b87bdbb0,Ellis,Harwin,19950614-8696,eharwin3o@google.pl,2f5618a668dec51f13014c64b44eedee5657432907f61835124442333d9a4166,NONE,NONE,NONE,1310
dcf74cb1-94dd-416b-9a25-99af1976e72f,Ephraim,Cabbell,19910018-8123,ecabbell3p@bloglines.com,bd18452bb112b7cb4db3937d6a05da47e2f7f13bbf6189eedef3c25f3ef1550c,NONE,NONE,NONE,1699
e01c4783-de49-4d4e-8d77-f9b39224726f,Wendy,Glenton,19930216-8794,wglenton3q@desdev.cn,44ccea62dab822c3a037420c1f11c34a377db934d6ed350a39b6e9972179a98e,01/10/2021,NONE,07/27/2022,1066
8b4209c5-eaa7-405d-bbb5-4ea47b395062,Miran,Greggor,19910615-1497,mgreggor3r@weather.com,7a279b2f1f270ffd40aeb2453b4546f022afb7c7970d56c2222b9aab42204e48,07/04/2021,NONE,05/28/2022,1249
8595c9a2-aace-4825-ac48-6d8edb54f3c6,Herby,Cousin,19920513-2575,hcousin3s@edublogs.org,766a99bd56793f112d54e5ea3b0171bc6fe1c57c257cfdfeef21b4535409ffa8,NONE,NONE,NONE,546
0d46070a-29fa-4856-a2de-91db7d837586,Danita,Mapston,19920513-4012,dmapston3t@goo.ne.jp,267ec44e99a82395ab81909eca33e8b0e6d8c2c87071fed10d1522a86793af09,06/14/2021,07/04/2022,10/22/2022,1109
4a1877a1-0c1e-4365-bb13-4a250c44b548,Raimondo,Thieme,19900012-0788,rthieme3u@cbc.ca,9455780d6f60764384cf7a17c4c4d46009f83547276795afc8407fbd5ae5b1b3,NONE,NONE,NONE,406
80d8013f-e099-4931-ab09-644942eac357,Colby,Nancekivell,19940619-5421,cnancekivell3v@delicious.com,8a134442b9757cb86146a694e9bb9cb1b193ab27388df9b68fd19d49bc7ab34d,10/26/2021,NONE,03/08/2022,1452
7ade4ea8-82b3-48eb-80f6-cd037eea2403,Chiquia,Paynes,19970910-0727,cpaynes3w@mit.edu,6f03645fb4168e67f14eea8888688246c6a5794a9abcf0478ad3c47a80964252,12/11/2021,NONE,12/17/2022,1881
91d2eb0f-2db5-4a61-b39e-70cca46c0461,Gaylor,Dorset,19930316-6979,gdorset3x@reverbnation.com,5a2ff077dfb17aff4bb4e06325cc42208781657a08481cc512304835c40e0614,06/02/2021,03/24/2022,05/01/2022,555
37e3d01a-d3f3-42de-9f45-c531601a99ad,Jodie,Ellick,19910014-5632,jellick3y@earthlink.net,9fd5277f54256215aa71ddae391229a037f4f3ca8d65fc687f1c693363ddd0bf,07/12/2021,NONE,06/07/2022,323
3ffb4a5a-8926-42ee-af7c-f69573ca38fa,Tilly,Sentinella,19980312-5562,tsentinella3z@state.gov,79953264e9ab648259546ff8fe288f0521514d8761b7ce5aa8a714402ae949c5,11/28/2021,NONE,03/10/2022,1753
91a5442f-61ad-478f-b3ac-662b79d70f70,Cassondra,Hallford,19940212-9539,challford40@sina.com.cn,4a1dd5c8b56386cd5f7aac37c89789c80b83f85482ebf6ed0445357f889919bd,09/11/2021,NONE,08/04/2022,1684
b53112bc-f951-45fb-abe2-fa498681e1b9,Delores,Tzuker,19960510-8680,dtzuker41@examiner.com,7cce479d5414de0a6ad86c385ad4a0776dc91b85ac47c23d3970afb036f0f602,01/13/2021,09/02/2022,10/12/2022,364
0e0d5007-20cb-4469-9b14-65211535fe37,Jaine,Scowen,19980413-9973,jscowen42@pagesperso-orange.fr,4eb1834e9d666fa2a534d33eebfe4ad6b3c6de02d1e3ccdc5448c46837aabbab,NONE,NONE,NONE,465
79dccf47-a056-4042-98d1-f7458039f5c6,Jaclyn,Hagston,19900114-5363,jhagston43@irs.gov,f13c97746da1d4c6a6ea745107503bcea4cbb5d291f86b0dbe4cb324b09f92d7,NONE,NONE,NONE,941
98525651-8f21-4d8a-8341-f5300a081417,Shantee,Matashkin,19910819-0367,smatashkin44@cbslocal.com,be66139e3ea0c1bc5c8a3e5f14fc47549ba19452d683d796526aff7bc9e553a9,07/30/2021,12/12/2022,01/26/2022,1393
b2ac7173-fa59-4a70-9b58-32da9424022e,Julietta,Welling,19950010-1885,jwelling45@people.com.cn,82f031402e16a3147e96df51f80fa4167375d461decdf4a19bafec95eb91c122,02/04/2021,NONE,02/05/2022,497
99b48e99-5d12-4d92-ad09-7b0837a9648f,Quint,Allbon,19910219-2643,qallbon46@disqus.com,815f6ad01d52585f48a712f6ca7f576318c1fd9a102d4a117b9fbd26689c7944,NONE,NONE,NONE,275
8c3a4492-0d9f-424a-bcf6-2daf9d925d3c,Neila,Astlett,19900211-6958,nastlett47@drupal.org,20e9eda1ac8bad83068e9ae0604b0a85e285d81cb5e66dfb1b16bcd985429d15,01/23/2021,07/04/2022,10/18/2022,156
727a90e4-bee6-40d4-8f2a-d1eb56531e95,Alberta,Domerq,19930111-2022,adomerq48@vistaprint.com,21af54d961b853bc22885405cd6296d8cba0382794af4051907826cab508b023,06/14/2021,09/14/2022,03/16/2022,836
eab0f406-f558-4013-b2e9-c67c667fa3a6,Marjorie,Goroni,19900918-9508,mgoroni49@nymag.com,c4852c27ec6ac4d59d4520fd014ec62f3da46afd4dfe7c8559ef6aec5d32ef29,11/30/2021,09/21/2022,08/05/2022,978
630cbc23-37fa-474d-a530-103c9565f729,Davie,Tabourier,19900016-5307,dtabourier4a@ucsd.edu,104b776ba19c56355ca05793285dc625ac22ca6ef4e82076dbb2e681de3d06ef,NONE,NONE,NONE,114
e1f9c79b-7fa0-406a-8d21-92ba39a39ead,Lyssa,Croker,19900216-1121,lcroker4b@csmonitor.com,37b3fd1bd6c9a082711dba64188949b0266d606158ef9cd9f745a62604afab90,02/02/2021,NONE,02/17/2022,1692
e2870581-bb75-4b96-a510-9833a72fd9d2,Charissa,Ambroz,19950013-7266,cambroz4c@edublogs.org,919b1588442bfe130f13e6efd31e7644b12d29d36aa40e96a3c6906f9b8705b9,01/02/2021,03/26/2022,11/14/2022,597
93902985-6194-408e-9101-9c342a8773c6,Rab,Elton,19900612-7909,relton4d@issuu.com,b83d99bad9afa51f0f3f9d66193404d7c352dcc39b1af01a68635a2bfab5e611,04/28/2021,12/21/2022,09/21/2022,170
c08e99d0-3413-462a-8e59-dd4071ecc9d4,Linette,Bickell,19940211-2128,lbickell4e@nba.com,ddaf1118c60bc03ef43abb07bb387fd810019e6d13d27057f95b50a39f057017,11/03/2021,NONE,07/28/2022,314
1ea1646a-6a91-4505-a7f2-27fcde001657,Gareth,Boyne,19960512-0945,gboyne4f@redcross.org,92927c2faddddbe057a3187728e94d41fb4341a76a5c7796a90e6adfcbfea555,NONE,NONE,NONE,133
5e4699a8-ac3a-42cd-a886-9e28dc87f879,Roxy,Everington,19920317-4215,reverington4g@elegantthemes.com,4cc14fa587a989785a5d45bc0e6ec5d99ab92cc8d84123140c70a077e4433564,NONE,NONE,NONE,681
90c6c99d-9eb0-4e57-a084-2b719dcce2af,Birdie,Challener,19940915-6426,bchallener4h@booking.com,4cee2293e983b92bf976869b2225141bcc3307056dabbfee49ca8f6db5d98903,NONE,NONE,NONE,32
95a4339b-3171-439c-9499-ada4659d4b6b,Cybil,Vials,19920217-8654,cvials4i@hostgator.com,0c84e2968816e9815aa89273078cdec5a0ea938774b3af501b049a3c55fa6beb,NONE,NONE,NONE,330
d88c59ca-1815-4352-905c-b294e6359299,Carolee,Oglethorpe,19940110-8181,coglethorpe4j@mozilla.org,8d8c07d70b5bb4eb65463d826c5509fc2ff6094086d132272d535c0b1849e995,07/03/2021,NONE,01/22/2022,1985
ab9462cb-83d9-4f26-ba50-20dfd404071c,Esme,Brignell,19970112-8019,ebrignell4k@wiley.com,0e9a7044aff22b728359f112e6f7771a402ae15c56fb71c11b919d98cd0a0b73,12/24/2021,NONE,09/21/2022,1211
eefb9dfd-b5d3-48e2-9533-ed03ef30ce0a,Mabelle,Jacquest,19950311-3854,mjacquest4l@wikipedia.org,5ab2d72e7336c0b39f751ff96e7e2a1d0b4477dd06c814d178a876e208e3da46,02/20/2021,NONE,11/27/2022,786
1de6f39c-cebb-40c9-bb60-de9c93fbf92b,Elsi,Cream,19910812-4430,ecream4m@com.com,0b06b3743e77d0ca74c81d7c8a7b3c80dedc4c5ced4f7e25cd961ca5d385ac72,06/18/2021,NONE,10/22/2022,1406
66224760-80c2-41b9-b843-2b9c8c178130,Fredric,Pask,19950510-7446,fpask4n@people.com.cn,4219c8cfe8808098e12d08fb23410f8aa065515bf2619f222c55cc1666a2e7d5,04/12/2021,NONE,08/04/2022,1483
0b2c3d99-8e28-4257-8e58-1f4aeefa7bef,Stan,Housecraft,19940512-1630,shousecraft4o@sun.com,907aeb7de93f35dc3103143f5bcc75ff6dc9896e59dbf92b115404d0b68d0bb8,05/10/2021,05/14/2022,01/22/2022,416
e97c8e11-63bc-4353-8d54-d89ebb5a31eb,Jeff,Olkowicz,19990712-3147,jolkowicz4p@wunderground.com,ec9765e9466b01f6c475e57f4c323d92c34548515c971423e5bd015184472553,NONE,NONE,NONE,549
4cfe687f-d933-4673-af0d-0b453a8ccd02,Graeme,Hunton,19970019-7563,ghunton4q@marketwatch.com,335b99c47025aa52bc6903397a5d69946e22c1ca67e98b93ebd89bf099c76e33,04/22/2021,NONE,01/20/2022,1277
511aca23-d2c8-4d84-83aa-4061255b781c,Caroljean,Sydall,19940610-4243,csydall4r@sitemeter.com,a81f990539fe1a3ddddc2f7dacb404318b437be6cedb31022b6a6c21e2cbf105,01/31/2021,03/10/2022,05/13/2022,1181
313060a7-560d-4436-a67f-a6c1d3a32bce,Dimitri,Byrne,19990019-3925,dbyrne4s@about.me,420447df16998cf67f3a25b16d55065658972fe4e32354835cc4213ba6e6fe09,08/06/2021,NONE,08/21/2022,97
8db581a2-ce11-4099-a952-3f7f5caed779,Jessa,Cobbe,19920019-9320,jcobbe4t@ft.com,a9f7c8c240acd7b38c0bb8ff833586330f7cde0401fafa3b86b96dcd32a03abe,04/12/2021,NONE,10/27/2022,1769
39265b03-483d-4cc3-bed9-ac3e53a22f8b,Lauritz,Pawley,19930813-1157,lpawley4u@printfriendly.com,3132a7c648dac8c59045e20f7be7a24da230d336b22b8b5bffbf2877a23529f1,02/08/2021,NONE,10/12/2022,1573
33fbd2b5-5dd6-408e-a8e7-382a1a6d2d87,Carlynn,Jelfs,19940612-2190,cjelfs4v@cam.ac.uk,50a5be75e4f2e15f2e241bfbb0f9abcb6fb56375f2fbef2f841b2cbf56b724ce,NONE,NONE,NONE,177
6c1342d6-541e-4e74-ab57-1ab8c01f2d4e,Siouxie,Geach,19990215-3357,sgeach4w@cdc.gov,d89191cca810faee430f189b1898e4e26a5bd380e87b209b5767fbea72810064,11/10/2021,NONE,07/30/2022,946
7f4988a8-6805-440c-a551-947ae5d7389e,Charlotta,Attow,19950010-1941,cattow4x@rambler.ru,ed4cb7e859b9555ea01a397ac4a81ecc93b1b64932ee66c946b83ebede8cfe78,10/07/2021,NONE,05/05/2022,1780
a21f9ca3-026f-4729-9661-878e4a687570,Scotti,Bramley,19920518-5339,sbramley4y@bluehost.com,fc9238d2b7be3523883f3f91709c83cf7c2d239f06eb7afed21012c3f35b8910,07/29/2021,NONE,05/16/2022,1803
562d2671-21a7-4628-ae53-986fbfab468c,Theodosia,Carville,19910119-8591,tcarville4z@nhs.uk,ef5cfa429710292f6a3119733b4f3511d724bd05024746eeba2c6ead4e42350d,NONE,NONE,NONE,1173
08ad2bc4-e6f4-4132-93c9-0d5d3d444475,Eleni,Torrie,19960915-4470,etorrie50@reddit.com,585f9b5d70552b6505947d718294f8b908d72ba1af54c568b59953b0957c02ae,05/03/2021,NONE,12/12/2022,586
aea88025-2ace-4938-88ac-21d73e75e9f0,Cacilia,Perot,19950914-2670,cperot51@msn.com,83f5069d1ca54c229ba1fb97e80896418426c4dec0f2b122f0bb243ff7bc5fac,03/15/2021,NONE,08/15/2022,895
c4c00e1c-21e7-4cd9-9316-3df8541b5ee8,Harlen,Helliwell,19910014-0901,hhelliwell52@wisc.edu,c2f6179ddeb6fdf68301d64e267eae8437372654be2f7763c3b2309791cab663,01/03/2021,NONE,02/08/2022,621
6c288990-0235-4334-a9f2-6a9aab812be0,Eddie,Halgarth,19970919-7568,ehalgarth53@prweb.com,5d350b03f060d5fbd72e96296e6d3901d59ef42f7858a63ba90787c765c0a538,11/11/2021,11/13/2022,01/03/2022,729
d332f350-e54a-4c6a-984f-05fc08f0e237,Gregorius,McPherson,19920218-7575,gmcpherson54@nsw.gov.au,86a480a845c46b1babef72789af72c37741e51f1a4c534b8f73b18646086b7fd,NONE,NONE,NONE,95
fc973422-e606-48bc-af76-3629d5b4811a,Idette,Sandlin,19910014-4583,isandlin55@apache.org,0b2734603cdc7ec47803b79b350cf37d5adae46f21440d109bf4a3935cfd8234,09/07/2021,NONE,08/27/2022,1966
0685a594-788f-4a13-b77c-69a084b947b3,Hillary,Kuzemka,19910716-7201,hkuzemka56@virginia.edu,c500eb99fcadaf7b18d7c6b7722bfed8c0838879f33e9d745f2d9a120db9b9a1,07/01/2021,NONE,03/21/2022,1366
0510df6b-3961-45ae-861e-3590c0f0eed1,Debee,Adenet,19960618-4929,dadenet57@spotify.com,1ec5e2ff76f8487db5bede78e5431a6e058ed014e623c56e81196ed2a0749eb6,11/10/2021,NONE,07/26/2022,394
3ba75f54-67ec-4829-8713-423943c94196,Sutton,Aishford,19980117-7195,saishford58@meetup.com,7b6796da4b4556de0407a9be16bc2ee30ae256ef822c3afb54faee7a1b46ba6f,03/01/2021,NONE,03/13/2022,753
039c0471-51c6-4648-a3f8-30f499887135,Crawford,Buddleigh,19920414-0179,cbuddleigh59@google.fr,63c7b268c388bd01ebb4d84ea8b051d0df77cb7cac05463c524076d81850596e,NONE,NONE,NONE,1812
4b5501b7-35fb-4dfb-9037-73f44f0be26b,Jard,Oxenbury,19920816-4008,joxenbury5a@newsvine.com,0b21c3b88935ef702072fe86d62fb1a8d7a584cbb1f4c4e8ce8eff376b922f56,02/21/2021,09/07/2022,10/21/2022,649
dbdfeab3-9f2f-4302-9caa-5487d98e3cff,Sim,O'Noland,19930413-6350,sonoland5b@cnn.com,240bb2075d0ca6a681f85b8296df45530ad8093004defc280d6e990eeacb2ba6,09/26/2021,NONE,05/08/2022,923
2ac84cf5-27f8-4fb0-a51f-277661d921c9,Polly,Ellerker,19950517-8274,pellerker5c@php.net,97810ff6ac69789a0c7261589336afdccce2eba20f78fac5cf0f9e5f7987eb81,07/15/2021,NONE,05/28/2022,459
4a1a1587-7f94-4ddf-85ce-d24021b71b8e,Donica,Fibbens,19980114-7892,dfibbens5d@sciencedirect.com,468af722bfc81cd1e88c76a22f25007a9de800fe5de0554d6f73517edd87e2b8,11/30/2021,NONE,10/17/2022,662
cf5e74ac-c7e4-4058-8bac-d848d91f6182,Ola,Flaverty,19930414-1095,oflaverty5e@livejournal.com,db4aeede6ce72fd5731086db94baa4c0e398ce080f9e6293a000fb678b765cda,07/09/2021,05/05/2022,05/01/2022,946
0a401574-4b2a-424f-8b03-47ff20682118,Perkin,McIlvenna,19910618-5217,pmcilvenna5f@purevolume.com,22667e57cb570fe0403635b9c44e0e80df1fa7e0df1d4c7207394b2e030ba189,10/18/2021,NONE,01/26/2022,636
beac35a9-b4fa-465c-8d9f-bfb3212b8691,Mair,Leele,19990017-3920,mleele5g@multiply.com,1952e15d933ffcffe2fa91f479c775fda12addf2734682c4fd276b9197b4fd65,NONE,NONE,NONE,893
29cba59a-5900-41fe-9e0a-5c33bf6cc8c5,Rosalie,Joplin,19930514-3352,rjoplin5h@omniture.com,eabfc484a200905329d1342c2912545780df32128941bce5dbe70db366fd9229,NONE,NONE,NONE,810
56277136-c678-4a4d-aa97-a96be04cc5cf,Renato,Leemans,19930512-4715,rleemans5i@msu.edu,ccaf937fa986cff360bc8f858ada160a9051777b8a4442d39f2f402f2c1e548e,03/06/2021,NONE,03/09/2022,1582
faae76be-bbea-4745-b6a3-9df2f7caf25b,Bernita,Girodier,19970714-0474,bgirodier5j@msn.com,3a0ac0dfaf6148571f012e1296ad9449fedf3b4f0df7cc737bf70cc73c2bd45b,NONE,NONE,NONE,159
